[{"title":"All Day Event","start":"2016-09-01"},{"title":"Long Event","start":"2016-09-07","end":"2016-09-10"},{"id":999,"title":"Repeating Event","start":"2016-09-09T16:00:00"},{"id":999,"title":"Repeating Event","start":"2016-09-16T16:00:00"},{"title":"Conference","start":"2016-09-11","end":"2016-09-13"},{"title":"Meeting","start":"2016-09-12T10:30:00","end":"2016-09-12T12:30:00"},{"title":"Lunch","start":"2016-09-12T12:00:00"},{"title":"Meeting","start":"2016-09-12T14:30:00"},{"title":"Happy Hour","start":"2016-09-12T17:30:00"},{"title":"Dinner","start":"2016-09-12T20:00:00"},{"title":"Birthday Party","start":"2016-09-13T07:00:00"},{"title":"Click for Google","url":"http://google.com/","start":"2016-09-28"},{"title":"Click for Google","url":"http://google.com/","start":"2017-07-28"},{"title":"some text","start":"2016-05-03T00:00:00.000Z","allDay":false,"className":"fc-event-danger"},{"title":"some text","start":"2016-05-04T00:00:00.000Z","allDay":false,"className":"fc-event-danger"},{"title":"some text","start":"2016-05-05T00:00:00.000Z","allDay":false,"className":"fc-event-danger"},{"title":"some text","start":"2016-05-06T00:00:00.000Z","allDay":false,"className":"fc-event-danger"},{"title":"some text","start":"2016-05-12T00:00:00.000Z","allDay":false,"className":"fc-event-danger"},{"title":"some text","start":"2016-05-11T00:00:00.000Z","allDay":false,"className":"fc-event-danger"},{"title":"some text","start":"2016-05-10T00:00:00.000Z","allDay":false,"className":"fc-event-danger"},{"title":"some text","start":"2016-05-09T00:00:00.000Z","allDay":false,"className":"fc-event-danger"},{"title":"some text","start":"2016-05-08T00:00:00.000Z","allDay":false,"className":"fc-event-danger"},{"title":"some text","start":"2016-05-03T00:00:00.000Z","allDay":false,"className":"fc-event-danger"},{"title":"some text","start":"2016-05-03T00:00:00.000Z","allDay":false,"className":"fc-event-danger"},{"title":"some text","start":"2016-05-03T00:00:00.000Z","allDay":false,"className":"fc-event-danger"},{"title":"some text","start":"2016-05-03T00:00:00.000Z","allDay":false,"className":"fc-event-danger"},{"title":"some text","start":"2016-05-03T00:00:00.000Z","allDay":false,"className":"fc-event-danger"},{"title":"some text","start":"2016-05-03T00:00:00.000Z","allDay":false,"className":"fc-event-danger"},{"title":"some text","start":"2016-05-03T00:00:00.000Z","allDay":false,"className":"fc-event-danger"},{"title":"some text","start":"2016-05-03T00:00:00.000Z","allDay":false,"className":"fc-event-danger"},{"title":"some text","start":"2016-05-03T00:00:00.000Z","allDay":false,"className":"fc-event-danger"},{"title":"some text","start":"2016-05-02T00:00:00.000Z","allDay":false,"className":"fc-event-danger"},{"title":"some text","start":"2016-05-13T00:00:00.000Z","allDay":false,"className":"fc-event-danger"},{"title":"some text","start":"2016-05-02T00:00:00.000Z","allDay":false,"className":"fc-event-danger"},{"title":"Birthday","start":"07/20/2017","end":"07/20/2017","allDay":true},{"title":"check","start":"07/20/2017","end":"07/20/2017","allDay":true},{"title":"check","start":"07/17/2017","end":"07/20/2017","allDay":true},{"title":"check","start":"07/03/2017","end":"07/20/2017","allDay":true},{"title":"check","start":"07/30/2017","end":"08/06/2017","allDay":true}]